-- ============================================================
-- POS JAGAD — Base Seed Data
-- Generated from local Docker postgres. Run AFTER all migrations.
-- Safe to re-run (ON CONFLICT DO NOTHING).
-- ============================================================

-- permissions
INSERT INTO public.permissions (id, name, description, created_at) VALUES ('e154a45c-f6bd-488d-81c9-c2fd1213c521', 'dashboard', 'Akses ke halaman dashboard', '2026-05-28 04:15:24.483946') ON CONFLICT DO NOTHING;
INSERT INTO public.permissions (id, name, description, created_at) VALUES ('e4ae556e-f5dc-432d-a0d1-43dddc157369', 'kasir', 'Akses ke halaman kasir/transaksi', '2026-05-28 04:15:24.483946') ON CONFLICT DO NOTHING;
INSERT INTO public.permissions (id, name, description, created_at) VALUES ('36c933c1-b3e0-44dd-84cd-40a8ba9f5a8c', 'laporan', 'Akses ke halaman laporan', '2026-05-28 04:15:24.483946') ON CONFLICT DO NOTHING;
INSERT INTO public.permissions (id, name, description, created_at) VALUES ('6ab47a84-a936-42e8-95c4-663cd8587d83', 'produk', 'Akses ke halaman produk', '2026-05-28 04:15:24.483946') ON CONFLICT DO NOTHING;
INSERT INTO public.permissions (id, name, description, created_at) VALUES ('413ce8cc-def6-49ad-b0e2-1a7ce13adc0c', 'customer', 'Akses ke halaman customer', '2026-05-28 04:15:24.483946') ON CONFLICT DO NOTHING;
INSERT INTO public.permissions (id, name, description, created_at) VALUES ('642b96ae-0bfb-4b32-a0fe-a64651895abb', 'setting', 'Akses ke halaman pengaturan', '2026-05-28 04:15:24.483946') ON CONFLICT DO NOTHING;
INSERT INTO public.permissions (id, name, description, created_at) VALUES ('3a464b72-b9b8-456b-8587-ec5be5b70334', 'printer:read', 'Lihat daftar printer dan konfigurasi', '2026-05-28 04:15:27.806278') ON CONFLICT DO NOTHING;
INSERT INTO public.permissions (id, name, description, created_at) VALUES ('8b7ee60c-5d2a-4f8e-9a03-9b4d8ad5f0c6', 'printer:create', 'Tambah printer baru', '2026-05-28 04:15:27.806278') ON CONFLICT DO NOTHING;
INSERT INTO public.permissions (id, name, description, created_at) VALUES ('b6c851e7-7ce3-4f07-aba3-9b06e30f9368', 'printer:update', 'Edit konfigurasi printer', '2026-05-28 04:15:27.806278') ON CONFLICT DO NOTHING;
INSERT INTO public.permissions (id, name, description, created_at) VALUES ('4d7058cf-b98f-48a1-8a39-8ddc4aaec7e1', 'printer:delete', 'Hapus printer', '2026-05-28 04:15:27.806278') ON CONFLICT DO NOTHING;
INSERT INTO public.permissions (id, name, description, created_at) VALUES ('e6a9650e-337b-4fb8-bdf5-94dba1a4203c', 'printer:manage_templates', 'Buat dan edit template cetak', '2026-05-28 04:15:27.806278') ON CONFLICT DO NOTHING;
INSERT INTO public.permissions (id, name, description, created_at) VALUES ('ad113087-6120-40b3-8564-e6ab527d2b15', 'printer:test_print', 'Jalankan test print', '2026-05-28 04:15:27.806278') ON CONFLICT DO NOTHING;
INSERT INTO public.permissions (id, name, description, created_at) VALUES ('40892485-76a8-4636-8043-0cd6e051e7c9', 'printer:view_history', 'Lihat riwayat print jobs', '2026-05-28 04:15:27.806278') ON CONFLICT DO NOTHING;

-- users
INSERT INTO public.users (id, username, password_hash, full_name, email, phone_number, role, status, avatar_url, created_at, updated_at, last_login_at) VALUES ('45a2494c-f57d-4cb3-b674-52a86b90bba5', 'admin', '$2a$12$aqWEJljKDh58zO14srphTuQ6as/BQjqJLHLRo6IQvBiHYR3N7FciC', 'Administrator', NULL, NULL, 'admin', 'active', NULL, '2026-05-28 04:15:24.488673', '2026-05-28 04:15:24.488673', '2026-06-16 00:11:18.003124') ON CONFLICT DO NOTHING;
INSERT INTO public.users (id, username, password_hash, full_name, email, phone_number, role, status, avatar_url, created_at, updated_at, last_login_at) VALUES ('5ef0d17a-f9a0-41f5-a35e-29a2a0fc48f4', 'codot', '$2a$12$aqWEJljKDh58zO14srphTuQ6as/BQjqJLHLRo6IQvBiHYR3N7FciC', 'codot', NULL, NULL, 'kasir', 'active', NULL, '2026-05-28 16:56:49.6963', '2026-06-13 00:43:08.940088', '2026-06-15 13:21:29.650594') ON CONFLICT DO NOTHING;

-- role_permissions
INSERT INTO public.role_permissions (id, role, permission_id, created_at) VALUES ('3f2dfea7-9adb-4b55-8d4d-29a6534b353b', 'admin', 'e154a45c-f6bd-488d-81c9-c2fd1213c521', '2026-05-28 04:15:24.485889') ON CONFLICT DO NOTHING;
INSERT INTO public.role_permissions (id, role, permission_id, created_at) VALUES ('db6728bf-585c-4225-9e5b-442d390099ca', 'admin', 'e4ae556e-f5dc-432d-a0d1-43dddc157369', '2026-05-28 04:15:24.485889') ON CONFLICT DO NOTHING;
INSERT INTO public.role_permissions (id, role, permission_id, created_at) VALUES ('b19d19c6-816d-4559-be2e-ec4f1842fe4c', 'admin', '36c933c1-b3e0-44dd-84cd-40a8ba9f5a8c', '2026-05-28 04:15:24.485889') ON CONFLICT DO NOTHING;
INSERT INTO public.role_permissions (id, role, permission_id, created_at) VALUES ('b25b3bda-54eb-4479-b1d3-01e08287ff0d', 'admin', '6ab47a84-a936-42e8-95c4-663cd8587d83', '2026-05-28 04:15:24.485889') ON CONFLICT DO NOTHING;
INSERT INTO public.role_permissions (id, role, permission_id, created_at) VALUES ('4c6b5978-99c8-43c4-b9bb-adf0979018b3', 'admin', '413ce8cc-def6-49ad-b0e2-1a7ce13adc0c', '2026-05-28 04:15:24.485889') ON CONFLICT DO NOTHING;
INSERT INTO public.role_permissions (id, role, permission_id, created_at) VALUES ('49398203-4a4d-44cb-ae4a-2303340af079', 'admin', '642b96ae-0bfb-4b32-a0fe-a64651895abb', '2026-05-28 04:15:24.485889') ON CONFLICT DO NOTHING;
INSERT INTO public.role_permissions (id, role, permission_id, created_at) VALUES ('73949cfa-6b0e-45e0-9705-003199d23d0f', 'manager', 'e154a45c-f6bd-488d-81c9-c2fd1213c521', '2026-05-28 04:15:24.487894') ON CONFLICT DO NOTHING;
INSERT INTO public.role_permissions (id, role, permission_id, created_at) VALUES ('f4e0fbeb-10f8-4d91-b992-98e7e3aa1df5', 'manager', 'e4ae556e-f5dc-432d-a0d1-43dddc157369', '2026-05-28 04:15:24.487894') ON CONFLICT DO NOTHING;
INSERT INTO public.role_permissions (id, role, permission_id, created_at) VALUES ('1543d81e-eb1f-4a77-9328-6acfc1398ab2', 'manager', '36c933c1-b3e0-44dd-84cd-40a8ba9f5a8c', '2026-05-28 04:15:24.487894') ON CONFLICT DO NOTHING;
INSERT INTO public.role_permissions (id, role, permission_id, created_at) VALUES ('c1e2994c-7248-4af6-8a53-8a16a7771c85', 'manager', '6ab47a84-a936-42e8-95c4-663cd8587d83', '2026-05-28 04:15:24.487894') ON CONFLICT DO NOTHING;
INSERT INTO public.role_permissions (id, role, permission_id, created_at) VALUES ('0af32c00-4cf3-416c-87dc-02082fc755f9', 'manager', '413ce8cc-def6-49ad-b0e2-1a7ce13adc0c', '2026-05-28 04:15:24.487894') ON CONFLICT DO NOTHING;
INSERT INTO public.role_permissions (id, role, permission_id, created_at) VALUES ('b162081c-d498-4572-a9c3-592ea597c1a1', 'kasir', 'e4ae556e-f5dc-432d-a0d1-43dddc157369', '2026-05-28 04:15:24.488379') ON CONFLICT DO NOTHING;
INSERT INTO public.role_permissions (id, role, permission_id, created_at) VALUES ('658918a2-f37d-4c76-a353-f4c9c8a48e22', 'kasir', '36c933c1-b3e0-44dd-84cd-40a8ba9f5a8c', '2026-05-28 04:15:24.488379') ON CONFLICT DO NOTHING;
INSERT INTO public.role_permissions (id, role, permission_id, created_at) VALUES ('9c9ae808-573b-4da9-b0c5-eefb066d18c9', 'kasir', '6ab47a84-a936-42e8-95c4-663cd8587d83', '2026-05-28 04:15:24.488379') ON CONFLICT DO NOTHING;
INSERT INTO public.role_permissions (id, role, permission_id, created_at) VALUES ('43843e4b-bb73-4259-b641-19b3b1b26849', 'kasir', '413ce8cc-def6-49ad-b0e2-1a7ce13adc0c', '2026-05-28 04:15:24.488379') ON CONFLICT DO NOTHING;
INSERT INTO public.role_permissions (id, role, permission_id, created_at) VALUES ('8396544e-1ab3-4968-8ec3-d661d4e662a8', 'admin', '3a464b72-b9b8-456b-8587-ec5be5b70334', '2026-05-28 04:15:27.809562') ON CONFLICT DO NOTHING;
INSERT INTO public.role_permissions (id, role, permission_id, created_at) VALUES ('e08e31b2-bbb2-4c00-b30c-b23a0107a780', 'admin', '8b7ee60c-5d2a-4f8e-9a03-9b4d8ad5f0c6', '2026-05-28 04:15:27.809562') ON CONFLICT DO NOTHING;
INSERT INTO public.role_permissions (id, role, permission_id, created_at) VALUES ('a8843fdf-1957-4903-80ee-53b364f3ed91', 'admin', 'b6c851e7-7ce3-4f07-aba3-9b06e30f9368', '2026-05-28 04:15:27.809562') ON CONFLICT DO NOTHING;
INSERT INTO public.role_permissions (id, role, permission_id, created_at) VALUES ('06c171cd-cd83-40fd-b98c-0ee390f5c1ed', 'admin', '4d7058cf-b98f-48a1-8a39-8ddc4aaec7e1', '2026-05-28 04:15:27.809562') ON CONFLICT DO NOTHING;
INSERT INTO public.role_permissions (id, role, permission_id, created_at) VALUES ('b557245f-6bea-49f1-917f-b8dcea9a3ba3', 'admin', 'e6a9650e-337b-4fb8-bdf5-94dba1a4203c', '2026-05-28 04:15:27.809562') ON CONFLICT DO NOTHING;
INSERT INTO public.role_permissions (id, role, permission_id, created_at) VALUES ('8644724f-3d25-4c5a-9da6-80949c239b04', 'admin', 'ad113087-6120-40b3-8564-e6ab527d2b15', '2026-05-28 04:15:27.809562') ON CONFLICT DO NOTHING;
INSERT INTO public.role_permissions (id, role, permission_id, created_at) VALUES ('6de0dce2-ff73-4ec7-a824-fb0560f2863f', 'admin', '40892485-76a8-4636-8043-0cd6e051e7c9', '2026-05-28 04:15:27.809562') ON CONFLICT DO NOTHING;
INSERT INTO public.role_permissions (id, role, permission_id, created_at) VALUES ('9af71b53-2252-4de2-8070-b314484200ea', 'manager', '3a464b72-b9b8-456b-8587-ec5be5b70334', '2026-05-28 04:15:27.811403') ON CONFLICT DO NOTHING;
INSERT INTO public.role_permissions (id, role, permission_id, created_at) VALUES ('9a391d4d-a814-471e-acff-7d6215514bc4', 'manager', 'ad113087-6120-40b3-8564-e6ab527d2b15', '2026-05-28 04:15:27.811403') ON CONFLICT DO NOTHING;
INSERT INTO public.role_permissions (id, role, permission_id, created_at) VALUES ('61a51722-44c8-4bf3-b671-5002f100b6a8', 'manager', '40892485-76a8-4636-8043-0cd6e051e7c9', '2026-05-28 04:15:27.811403') ON CONFLICT DO NOTHING;
INSERT INTO public.role_permissions (id, role, permission_id, created_at) VALUES ('7eec9e86-9a4c-4be0-bce8-e7e576d1fec2', 'kasir', '3a464b72-b9b8-456b-8587-ec5be5b70334', '2026-05-28 04:15:27.812131') ON CONFLICT DO NOTHING;
INSERT INTO public.role_permissions (id, role, permission_id, created_at) VALUES ('53a941b7-423f-4985-9d4c-9a528cc1537f', 'kasir', 'ad113087-6120-40b3-8564-e6ab527d2b15', '2026-05-28 04:15:27.812131') ON CONFLICT DO NOTHING;
INSERT INTO public.role_permissions (id, role, permission_id, created_at) VALUES ('69c786b9-4636-47d6-8582-ba6e8d942fb1', 'owner', '3a464b72-b9b8-456b-8587-ec5be5b70334', '2026-06-02 15:38:09.480313') ON CONFLICT DO NOTHING;
INSERT INTO public.role_permissions (id, role, permission_id, created_at) VALUES ('f5c21b6c-e979-4f41-a2a5-b2a21ccd8711', 'owner', '8b7ee60c-5d2a-4f8e-9a03-9b4d8ad5f0c6', '2026-06-02 15:38:09.480313') ON CONFLICT DO NOTHING;
INSERT INTO public.role_permissions (id, role, permission_id, created_at) VALUES ('9bf16585-b49e-4544-bf9f-beed14fa8275', 'owner', 'b6c851e7-7ce3-4f07-aba3-9b06e30f9368', '2026-06-02 15:38:09.480313') ON CONFLICT DO NOTHING;
INSERT INTO public.role_permissions (id, role, permission_id, created_at) VALUES ('7652b3d6-4200-44f6-a175-8d83621a3ae3', 'owner', '4d7058cf-b98f-48a1-8a39-8ddc4aaec7e1', '2026-06-02 15:38:09.480313') ON CONFLICT DO NOTHING;
INSERT INTO public.role_permissions (id, role, permission_id, created_at) VALUES ('7f9757b1-86f9-4adb-94f1-58fbe0844d2b', 'owner', 'e6a9650e-337b-4fb8-bdf5-94dba1a4203c', '2026-06-02 15:38:09.480313') ON CONFLICT DO NOTHING;
INSERT INTO public.role_permissions (id, role, permission_id, created_at) VALUES ('6e1fe038-6595-4fe4-9386-bcf67de77dfb', 'owner', 'ad113087-6120-40b3-8564-e6ab527d2b15', '2026-06-02 15:38:09.480313') ON CONFLICT DO NOTHING;
INSERT INTO public.role_permissions (id, role, permission_id, created_at) VALUES ('3470d037-eb1e-4fc7-9090-96fa5ad296fe', 'owner', '40892485-76a8-4636-8043-0cd6e051e7c9', '2026-06-02 15:38:09.480313') ON CONFLICT DO NOTHING;

-- categories
INSERT INTO public.categories (id, name, description, icon, sort_order, status, created_at, updated_at) VALUES ('d2840860-bd1c-447f-b50d-0fb29e6c1fe7', 'Signature Latte', 'Kopi susu istimewa dengan cita rasa istimewa', NULL, 0, 'active', '2026-05-28 16:59:46.75893', '2026-05-28 16:59:46.75893') ON CONFLICT DO NOTHING;
INSERT INTO public.categories (id, name, description, icon, sort_order, status, created_at, updated_at) VALUES ('8fe58a58-2fc5-4c8b-a319-3f606e5cb01c', 'Esspresso Based', 'Dibuat dari esspresso pilihan terbaik', NULL, 0, 'active', '2026-05-28 17:00:17.70513', '2026-05-28 17:00:17.70513') ON CONFLICT DO NOTHING;
INSERT INTO public.categories (id, name, description, icon, sort_order, status, created_at, updated_at) VALUES ('a76a496a-d71a-4c40-b62b-0fe348ff7ca3', 'Coffee Mocktail', 'Segar tanpa soda, penuh rasa menyegarkan', NULL, 0, 'active', '2026-05-28 17:00:55.270042', '2026-05-28 17:00:55.270042') ON CONFLICT DO NOTHING;
INSERT INTO public.categories (id, name, description, icon, sort_order, status, created_at, updated_at) VALUES ('5a91ab00-3614-4545-8497-e8bb37e1a1b4', 'Non Coffee', 'Pilihan Minuman tanpa kopi', NULL, 0, 'active', '2026-05-28 17:01:16.320423', '2026-05-28 17:01:16.320423') ON CONFLICT DO NOTHING;

-- add_ons
INSERT INTO public.add_ons (id, name, price, description, icon, sort_order, status, created_at, updated_at) VALUES ('a1b4b408-5218-4dcc-892a-786a6dd963ee', 'Extra Shot Espresso', 3000.00, 'Tambahan 1 shot espresso', NULL, 1, 'active', '2026-05-28 04:15:25.54253', '2026-05-28 17:02:27.578994') ON CONFLICT DO NOTHING;
INSERT INTO public.add_ons (id, name, price, description, icon, sort_order, status, created_at, updated_at) VALUES ('ad682870-d0f9-4b8a-b931-35bdb88cf92d', 'Less Sweet', 0.00, NULL, NULL, 0, 'active', '2026-05-28 17:02:46.899299', '2026-05-28 17:02:46.899299') ON CONFLICT DO NOTHING;
INSERT INTO public.add_ons (id, name, price, description, icon, sort_order, status, created_at, updated_at) VALUES ('5f14a47b-b762-4162-bf68-6e14945877ac', 'Normal Sweet', 0.00, NULL, NULL, 0, 'active', '2026-05-28 17:02:55.496243', '2026-05-28 17:02:55.496243') ON CONFLICT DO NOTHING;
INSERT INTO public.add_ons (id, name, price, description, icon, sort_order, status, created_at, updated_at) VALUES ('d835e5f0-1f13-4f06-a9bc-d051a457c9e4', 'Extra Sweet', 0.00, NULL, NULL, 0, 'active', '2026-05-28 17:03:02.393294', '2026-05-28 17:03:02.393294') ON CONFLICT DO NOTHING;
INSERT INTO public.add_ons (id, name, price, description, icon, sort_order, status, created_at, updated_at) VALUES ('dd34b0c5-9071-47ed-9ac2-a2916f7c8a68', 'Less Ice', 0.00, NULL, NULL, 0, 'active', '2026-05-28 17:03:08.690888', '2026-05-28 17:03:08.690888') ON CONFLICT DO NOTHING;
INSERT INTO public.add_ons (id, name, price, description, icon, sort_order, status, created_at, updated_at) VALUES ('6bdb0c59-87a6-4128-8890-ba1a4b362b68', 'Normal Ice', 0.00, NULL, NULL, 0, 'active', '2026-05-28 17:03:13.956614', '2026-05-28 17:03:13.956614') ON CONFLICT DO NOTHING;
INSERT INTO public.add_ons (id, name, price, description, icon, sort_order, status, created_at, updated_at) VALUES ('fceb0587-4308-4f91-9d50-ec234b519352', 'Extra Ice', 0.00, NULL, NULL, 0, 'active', '2026-05-28 17:03:19.407643', '2026-05-28 17:03:19.407643') ON CONFLICT DO NOTHING;

-- payment_methods
INSERT INTO public.payment_methods (id, icon, name, status, created_at, updated_at) VALUES ('6aea4e96-6f86-447a-a0a5-181ea8f1f799', '💵', 'Cash', 'active', '2026-05-28 04:15:26.261287', '2026-05-28 04:15:26.261287') ON CONFLICT DO NOTHING;
INSERT INTO public.payment_methods (id, icon, name, status, created_at, updated_at) VALUES ('8d31a5c2-2c37-48c3-b188-7b9dd6bec40a', '📱', 'QRIS', 'active', '2026-05-28 04:15:26.261287', '2026-05-28 04:15:26.261287') ON CONFLICT DO NOTHING;

-- printers
INSERT INTO public.printers (id, name, description, printer_type, connection_type, paper_width, font_size, status, is_default, auto_print, created_at, updated_at, last_used_at, device_path) VALUES ('127a36b9-c7ae-40e6-9b9a-f74c4208849f', 'RPP02N', 'tes', 'barista', 'bluetooth', 58.00, 12, 'active', false, false, '2026-06-09 11:31:49.008076', '2026-06-15 13:11:41.811831', NULL, '86:67:7A:B1:B0:03') ON CONFLICT DO NOTHING;
INSERT INTO public.printers (id, name, description, printer_type, connection_type, paper_width, font_size, status, is_default, auto_print, created_at, updated_at, last_used_at, device_path) VALUES ('0bc8b6b2-5ba4-49bf-b028-df2a323d4b0d', 'RPP02N', '', 'receipt', 'bluetooth', 80.00, 12, 'active', false, false, '2026-06-02 15:56:35.322037', '2026-06-15 13:11:45.315167', NULL, '86:67:7A:B1:B0:03') ON CONFLICT DO NOTHING;

-- printer_masterdata_template
INSERT INTO public.printer_masterdata_template (id, name, printer_type, content, description, is_active, created_at, updated_at, preview_content) VALUES ('14769718-97ad-4bf2-8eae-551651fcfee7', 'Default Receipt Template', 'receipt', '{"sections": {"items": {"show_notes": false, "show_add_ons": true, "show_quantity": true, "show_item_name": true, "show_item_discount": true, "show_item_subtotal": true}, "footer": {"footer_text": "Terima kasih sudah berbelanja ☕", "show_qr_code": true}, "header": {"show_logo": true, "show_cashier": true, "show_date_time": true, "show_store_info": true, "show_store_name": true, "show_store_phone": true, "show_table_number": true, "show_customer_name": true, "show_store_address": true, "show_transaction_id": true}, "payment": {"show_tax": true, "show_rounding": true, "show_subtotal": true, "show_grand_total": true, "show_tax_breakdown": false, "show_payment_method": true, "show_service_charge": true, "show_discount_reason": false, "show_global_discount": true, "show_payment_reference": true}}}', 'Master template for customer receipts (80mm) - Complete with all sections', true, '2026-05-28 04:15:28.098762', '2026-06-02 15:38:09.475603', '{"sections": {"items": {"price": "13.000", "add_ons": [{"name": "extra espresso", "price": "3.000", "quantity": 1}, {"name": "Less Sweet", "price": "0", "quantity": 1}], "quantity": 1, "subtotal": "15.000", "item_name": "Americano", "show_add_ons": true, "item_discount": "1.000", "show_quantity": true, "show_item_discount": true}, "footer": {"footer_text": "Terima kasih atas kunjungannya! Sampai jumpa dan selamat ngopi ~  \"Ngopi bersama kodok dan jangkrik\"", "show_qr_code": true}, "header": [{"logo": "/logo.webp", "show_logo": true}, {"store_name": "Sederek Kopi", "show_store_name": true}, {"store_address": "Jl. Jemb. Gantung, Ngrancah, Sriharjo, Kec. Imogiri, Kabupaten Bantul", "show_store_address": true}, {"date_time": "17 Feb 2026 14:30", "show_date_time": true}, {"cashier": "Bisma", "show_cashier": true}, {"customer_name": "Andi", "show_customer_name": true}, {"table_number": "18", "show_table_number": true}], "payment": {"subtotal": "15.000", "grand_total": "15.000", "show_subtotal": true, "payment_method": "QRIS", "global_discount": "0", "show_grand_total": true, "show_payment_method": true, "show_global_discount": false}}}') ON CONFLICT DO NOTHING;
INSERT INTO public.printer_masterdata_template (id, name, printer_type, content, description, is_active, created_at, updated_at, preview_content) VALUES ('8f0730ac-de44-490e-8033-592b02f3e98a', 'Default Barista Template', 'barista', '{"sections": {"items": {"show_notes": true, "show_price": false, "show_add_ons": true, "show_quantity": true, "show_item_name": true}, "footer": {"preparation_text": "Siapkan dengan standar resep ☕", "show_preparation_reminder": true}, "header": {"show_time": true, "show_channel": true, "show_queue_number": true, "show_table_number": true, "show_customer_name": true}}}', 'Master template for barista tickets (58mm) - Complete with all sections', true, '2026-05-28 04:15:28.098762', '2026-06-02 15:38:09.475603', '{"sections": {"items": {"add_ons": [{"name": "extra espresso", "quantity": 1}, {"name": "Less Sweet", "quantity": 1}], "quantity": 1, "item_name": "Americano", "show_add_ons": true, "show_quantity": true}, "footer": {"preparation_text": "Siapkan dengan standar resep ☕", "show_preparation_reminder": true}, "header": [{"queue_number": "01", "show_queue_number": true}, {"table_number": 10, "show_table_number": true}, {"date_time": "17 Feb 2026 14:30", "show_date_time": true}, {"customer_name": "Andi", "show_customer_name": true}]}}') ON CONFLICT DO NOTHING;

-- printer_templates
INSERT INTO public.printer_templates (id, name, description, template_type, content, is_default, is_active, created_at, updated_at, id_printer, preview_content) VALUES ('c9d9ef91-a33f-4c43-bfb4-7662c6bd8a9b', 'tes - Default Barista Template', 'Template untuk printer tes', 'barista', '{"sections": {"items": {"show_notes": true, "show_price": false, "show_add_ons": true, "show_quantity": true, "show_item_name": true}, "footer": {"preparation_text": "Siapkan sesuai resep standar", "show_preparation_reminder": true}, "header": {"show_time": true, "show_channel": true, "show_queue_number": true, "show_table_number": true, "show_customer_name": true}, "store_info": {"logo_url": "", "store_name": "", "footer_text": "", "store_phone": "", "store_address": ""}}}', false, true, '2026-06-09 11:31:49.056142', '2026-06-13 00:42:27.264588', '127a36b9-c7ae-40e6-9b9a-f74c4208849f', '{"sections": {"items": {"add_ons": [{"name": "extra espresso", "quantity": 1}, {"name": "Less Sweet", "quantity": 1}], "quantity": 1, "item_name": "Americano", "show_add_ons": true, "show_quantity": true}, "footer": {"preparation_text": "Siapkan sesuai resep standar", "show_preparation_reminder": true}, "header": [{"queue_number": "01", "show_queue_number": true}, {"table_number": 10, "show_table_number": true}, {"date_time": "17 Feb 2026 14:30", "show_date_time": true}, {"customer_name": "Andi", "show_customer_name": true}]}}') ON CONFLICT DO NOTHING;
INSERT INTO public.printer_templates (id, name, description, template_type, content, is_default, is_active, created_at, updated_at, id_printer, preview_content) VALUES ('5a64bb97-a39f-40de-9ebb-d7e72d0f62bb', 'epson - Default Receipt Template', 'Template untuk printer epson', 'receipt', '{"sections": {"items": {"show_notes": false, "show_price": true, "show_add_ons": true, "show_quantity": true, "show_item_name": true, "item_name_format": "short", "show_item_discount": true, "show_item_subtotal": true}, "footer": {"footer_text": "Terima kasih sudah berbelanja, Dari Sederek untuk semua", "show_qr_code": true, "show_thank_you_message": true}, "header": {"show_logo": true, "show_cashier": true, "show_date_time": true, "show_store_name": true, "show_store_phone": true, "show_cashier_name": true, "show_store_slogan": false, "show_table_number": false, "show_customer_name": true, "show_store_address": true, "show_transaction_id": true, "show_transaction_date": true}, "payment": {"show_tax": false, "show_rounding": false, "show_subtotal": true, "show_grand_total": true, "show_tax_breakdown": false, "show_payment_method": true, "show_service_charge": true, "show_discount_reason": false, "show_global_discount": true, "total_display_format": "compact", "show_payment_reference": true}, "store_info": {"logo_url": "", "store_name": "Sederek Kopi", "footer_text": "Terima kasih sudah berbelanja, Dari Sederek untuk semua", "store_phone": "", "store_address": "Jl. Jemb. Gantung, Ngrancah, Sriharjo, Kec. Imogiri, Kabupaten Bantul, Daerah Istimewa Yogyakarta 55782"}}}', false, true, '2026-06-02 15:56:35.358374', '2026-06-15 12:59:32.195227', '0bc8b6b2-5ba4-49bf-b028-df2a323d4b0d', '{"sections": {"items": {"price": "13.000", "add_ons": [{"name": "extra espresso", "price": "3.000", "quantity": 1}, {"name": "Less Sweet", "price": "0", "quantity": 1}], "quantity": 1, "subtotal": "15.000", "item_name": "Americano", "show_add_ons": true, "item_discount": "1.000", "show_quantity": true, "show_item_discount": true}, "footer": {"footer_text": "Terima kasih sudah berbelanja, Dari Sederek untuk semua", "show_qr_code": true}, "header": [{"logo": "/logo.webp", "show_logo": true}, {"store_name": "Sederek Kopi", "show_store_name": true}, {"store_address": "Jl. Jemb. Gantung, Ngrancah, Sriharjo, Kec. Imogiri, Kabupaten Bantul, Daerah Istimewa Yogyakarta 55782", "show_store_address": true}, {"date_time": "17 Feb 2026 14:30", "show_date_time": true}, {"cashier": "Bisma", "show_cashier": true}, {"customer_name": "Andi", "show_customer_name": true}, {"table_number": "18", "show_table_number": false}], "payment": {"subtotal": "15.000", "grand_total": "15.000", "show_subtotal": true, "payment_method": "QRIS", "global_discount": "0", "show_grand_total": true, "show_payment_method": true, "show_global_discount": true}}}') ON CONFLICT DO NOTHING;

-- printer_configurations

-- printer_routing

-- products
INSERT INTO public.products (id, category_id, name, description, image_url, hpp, price, stock, min_stock, status, created_at, updated_at, member_price) VALUES ('bf4ae38a-4131-4aa1-ad77-61dcbd004296', 'd2840860-bd1c-447f-b50d-0fb29e6c1fe7', 'Aren Latte', 'Kopi susu lembut dengan manis alami gula aren asli', '', 7380.00, 14000.00, 1, 5, 'active', '2026-05-28 17:11:35.407126', '2026-05-28 17:11:35.407126', NULL) ON CONFLICT DO NOTHING;
INSERT INTO public.products (id, category_id, name, description, image_url, hpp, price, stock, min_stock, status, created_at, updated_at, member_price) VALUES ('69bb38f6-2001-46ee-8ec7-b52e3ab40c5b', 'd2840860-bd1c-447f-b50d-0fb29e6c1fe7', 'Salted Caramel Latte', 'Perpaduan Kopi susu, caramel yang legit ', '', 8010.00, 15000.00, 1, 5, 'active', '2026-05-28 17:18:38.466801', '2026-05-28 17:18:38.466801', NULL) ON CONFLICT DO NOTHING;
INSERT INTO public.products (id, category_id, name, description, image_url, hpp, price, stock, min_stock, status, created_at, updated_at, member_price) VALUES ('d3c6154e-c444-4606-97c9-e530aeddddf0', 'd2840860-bd1c-447f-b50d-0fb29e6c1fe7', 'Latte', 'Kopi susu clasic dengan rasa creamy', '', 6990.00, 15000.00, 1, 5, 'active', '2026-05-28 17:17:13.60228', '2026-05-28 17:18:46.584524', NULL) ON CONFLICT DO NOTHING;
INSERT INTO public.products (id, category_id, name, description, image_url, hpp, price, stock, min_stock, status, created_at, updated_at, member_price) VALUES ('4cd491e7-0749-4d26-a349-207f3c50bc37', 'd2840860-bd1c-447f-b50d-0fb29e6c1fe7', 'Hazelnut Latte', 'Kopi susu dengan rasa hazelnut yang creamy dan nutty', '', 8010.00, 15000.00, 1, 5, 'active', '2026-05-28 17:19:57.959037', '2026-05-28 17:19:57.959037', NULL) ON CONFLICT DO NOTHING;
INSERT INTO public.products (id, category_id, name, description, image_url, hpp, price, stock, min_stock, status, created_at, updated_at, member_price) VALUES ('80bdeb1a-952a-4f01-9df3-253b76f29850', 'd2840860-bd1c-447f-b50d-0fb29e6c1fe7', 'Strawberry Latte', 'Kopi susu dengan rasa strawbery segar dan creamy', '', 7030.00, 15000.00, 1, 5, 'active', '2026-05-28 17:21:00.913726', '2026-05-28 17:21:00.913726', NULL) ON CONFLICT DO NOTHING;
INSERT INTO public.products (id, category_id, name, description, image_url, hpp, price, stock, min_stock, status, created_at, updated_at, member_price) VALUES ('6c0873de-813a-472a-ad75-c7cfb91cb185', '8fe58a58-2fc5-4c8b-a319-3f606e5cb01c', 'Cappuccino', 'Perpaduan esspresso lembut dan teksture creamy', '', 5780.00, 15000.00, 1, 5, 'active', '2026-05-28 17:23:13.234672', '2026-05-28 17:23:13.234672', NULL) ON CONFLICT DO NOTHING;
INSERT INTO public.products (id, category_id, name, description, image_url, hpp, price, stock, min_stock, status, created_at, updated_at, member_price) VALUES ('c066669b-365f-4b30-975f-cf5c884d1c7b', '8fe58a58-2fc5-4c8b-a319-3f606e5cb01c', 'Americano', '', '', 3390.00, 10000.00, 1, 5, 'active', '2026-05-28 17:29:42.071238', '2026-05-28 17:29:42.071238', NULL) ON CONFLICT DO NOTHING;
INSERT INTO public.products (id, category_id, name, description, image_url, hpp, price, stock, min_stock, status, created_at, updated_at, member_price) VALUES ('d49f0ebc-f6d6-4304-9f32-0e22467394b5', '8fe58a58-2fc5-4c8b-a319-3f606e5cb01c', 'Americano Arabica', '', '', 6750.00, 12000.00, 1, 5, 'active', '2026-05-28 17:30:49.525499', '2026-05-28 17:30:49.525499', NULL) ON CONFLICT DO NOTHING;
INSERT INTO public.products (id, category_id, name, description, image_url, hpp, price, stock, min_stock, status, created_at, updated_at, member_price) VALUES ('cbcd53fa-ad6b-4232-a599-495b79defd70', '8fe58a58-2fc5-4c8b-a319-3f606e5cb01c', 'Lemon Black', 'Kopi hitam dengan rasa lemon', '', 4340.00, 12000.00, 1, 5, 'active', '2026-05-28 17:31:54.308957', '2026-05-28 17:31:54.308957', NULL) ON CONFLICT DO NOTHING;
INSERT INTO public.products (id, category_id, name, description, image_url, hpp, price, stock, min_stock, status, created_at, updated_at, member_price) VALUES ('af1d1bf0-65be-4f0d-85b3-0c35a40caa27', '5a91ab00-3614-4545-8497-e8bb37e1a1b4', 'Cokelat susu', '', '', 9190.00, 15000.00, 1, 5, 'active', '2026-05-28 17:34:31.480816', '2026-05-28 17:34:31.480816', NULL) ON CONFLICT DO NOTHING;
INSERT INTO public.products (id, category_id, name, description, image_url, hpp, price, stock, min_stock, status, created_at, updated_at, member_price) VALUES ('cee9335e-a61a-4512-878d-a81caf80f49a', '5a91ab00-3614-4545-8497-e8bb37e1a1b4', 'Taro Susu', '', '', 8990.00, 15000.00, 1, 5, 'active', '2026-05-28 17:35:21.409634', '2026-05-28 17:35:21.409634', NULL) ON CONFLICT DO NOTHING;
INSERT INTO public.products (id, category_id, name, description, image_url, hpp, price, stock, min_stock, status, created_at, updated_at, member_price) VALUES ('fecb3d6d-18fd-4fee-8e12-5dd58f184121', '5a91ab00-3614-4545-8497-e8bb37e1a1b4', 'Red Velvet', '', '', 7140.00, 15000.00, 1, 5, 'active', '2026-05-28 17:35:59.662343', '2026-05-28 17:35:59.662343', NULL) ON CONFLICT DO NOTHING;
INSERT INTO public.products (id, category_id, name, description, image_url, hpp, price, stock, min_stock, status, created_at, updated_at, member_price) VALUES ('b3ad2cba-0b23-44df-8feb-9bf855271af1', 'a76a496a-d71a-4c40-b62b-0fe348ff7ca3', 'Summer Passion', '', '', 5995.00, 15000.00, 1, 5, 'active', '2026-05-28 17:43:26.886969', '2026-05-28 17:43:26.886969', NULL) ON CONFLICT DO NOTHING;
INSERT INTO public.products (id, category_id, name, description, image_url, hpp, price, stock, min_stock, status, created_at, updated_at, member_price) VALUES ('e2d16cad-f616-47bd-9ac0-9de5c4e9059c', 'a76a496a-d71a-4c40-b62b-0fe348ff7ca3', 'Berry Twist', '', '', 5995.00, 15000.00, 1, 5, 'active', '2026-05-28 17:44:10.710429', '2026-05-28 17:44:10.710429', NULL) ON CONFLICT DO NOTHING;
INSERT INTO public.products (id, category_id, name, description, image_url, hpp, price, stock, min_stock, status, created_at, updated_at, member_price) VALUES ('9043809a-13a3-4898-9946-59b8c338ec3e', 'a76a496a-d71a-4c40-b62b-0fe348ff7ca3', 'Summer Lychee', '', '', 5995.00, 15000.00, 1, 5, 'active', '2026-05-28 17:45:02.774867', '2026-05-28 17:45:02.774867', NULL) ON CONFLICT DO NOTHING;
INSERT INTO public.products (id, category_id, name, description, image_url, hpp, price, stock, min_stock, status, created_at, updated_at, member_price) VALUES ('c4c9d1eb-695a-4a5c-8fff-3d570755798e', '5a91ab00-3614-4545-8497-e8bb37e1a1b4', 'Matcha Latte', '', '', 9390.00, 16000.00, 1, 5, 'active', '2026-05-28 17:33:01.552862', '2026-06-03 17:47:59.270865', NULL) ON CONFLICT DO NOTHING;
INSERT INTO public.products (id, category_id, name, description, image_url, hpp, price, stock, min_stock, status, created_at, updated_at, member_price) VALUES ('a58d9a64-9e33-43dd-a0c2-a82f0161ca27', 'a76a496a-d71a-4c40-b62b-0fe348ff7ca3', 'Sunny Lemon', '', '', 5995.00, 15000.00, 1, 5, 'active', '2026-05-28 17:45:40.14435', '2026-06-04 13:23:44.002409', NULL) ON CONFLICT DO NOTHING;

-- product_addons
INSERT INTO public.product_addons (id, product_id, addon_id, created_at, updated_at) VALUES ('090afd24-d7b5-4a0a-a330-86299cc9e071', 'bf4ae38a-4131-4aa1-ad77-61dcbd004296', '5f14a47b-b762-4162-bf68-6e14945877ac', '2026-05-28 17:11:35.426498', '2026-05-28 17:11:35.426498') ON CONFLICT DO NOTHING;
INSERT INTO public.product_addons (id, product_id, addon_id, created_at, updated_at) VALUES ('be03755e-6b18-4de6-835e-f8c27542cd3f', 'bf4ae38a-4131-4aa1-ad77-61dcbd004296', 'd835e5f0-1f13-4f06-a9bc-d051a457c9e4', '2026-05-28 17:11:35.432979', '2026-05-28 17:11:35.432979') ON CONFLICT DO NOTHING;
INSERT INTO public.product_addons (id, product_id, addon_id, created_at, updated_at) VALUES ('beec2974-03de-46de-ad65-93d09459b248', 'bf4ae38a-4131-4aa1-ad77-61dcbd004296', 'dd34b0c5-9071-47ed-9ac2-a2916f7c8a68', '2026-05-28 17:11:35.434591', '2026-05-28 17:11:35.434591') ON CONFLICT DO NOTHING;
INSERT INTO public.product_addons (id, product_id, addon_id, created_at, updated_at) VALUES ('9b09512a-8c8b-4ade-ad48-b31a3f38c311', 'bf4ae38a-4131-4aa1-ad77-61dcbd004296', '6bdb0c59-87a6-4128-8890-ba1a4b362b68', '2026-05-28 17:11:35.437198', '2026-05-28 17:11:35.437198') ON CONFLICT DO NOTHING;
INSERT INTO public.product_addons (id, product_id, addon_id, created_at, updated_at) VALUES ('3d953a29-e474-4b0f-9e8e-eca76c77747d', 'bf4ae38a-4131-4aa1-ad77-61dcbd004296', 'fceb0587-4308-4f91-9d50-ec234b519352', '2026-05-28 17:11:35.443134', '2026-05-28 17:11:35.443134') ON CONFLICT DO NOTHING;
INSERT INTO public.product_addons (id, product_id, addon_id, created_at, updated_at) VALUES ('a8e25aef-1f54-4bb6-9867-ee122c61d9ac', 'bf4ae38a-4131-4aa1-ad77-61dcbd004296', 'ad682870-d0f9-4b8a-b931-35bdb88cf92d', '2026-05-28 17:11:35.444906', '2026-05-28 17:11:35.444906') ON CONFLICT DO NOTHING;
INSERT INTO public.product_addons (id, product_id, addon_id, created_at, updated_at) VALUES ('96805f84-ff70-4626-bd2c-bbc32c7ceca6', 'bf4ae38a-4131-4aa1-ad77-61dcbd004296', 'a1b4b408-5218-4dcc-892a-786a6dd963ee', '2026-05-28 17:11:35.447155', '2026-05-28 17:11:35.447155') ON CONFLICT DO NOTHING;
INSERT INTO public.product_addons (id, product_id, addon_id, created_at, updated_at) VALUES ('30ceb8e2-3151-4ba6-870c-e6cfce8c4166', '69bb38f6-2001-46ee-8ec7-b52e3ab40c5b', 'fceb0587-4308-4f91-9d50-ec234b519352', '2026-05-28 17:18:38.481888', '2026-05-28 17:18:38.481888') ON CONFLICT DO NOTHING;
INSERT INTO public.product_addons (id, product_id, addon_id, created_at, updated_at) VALUES ('c47c049f-2b34-4f49-8e54-695d843e39f7', '69bb38f6-2001-46ee-8ec7-b52e3ab40c5b', 'd835e5f0-1f13-4f06-a9bc-d051a457c9e4', '2026-05-28 17:18:38.486011', '2026-05-28 17:18:38.486011') ON CONFLICT DO NOTHING;
INSERT INTO public.product_addons (id, product_id, addon_id, created_at, updated_at) VALUES ('610091bc-9518-4344-b8a1-5606a83be133', '69bb38f6-2001-46ee-8ec7-b52e3ab40c5b', 'dd34b0c5-9071-47ed-9ac2-a2916f7c8a68', '2026-05-28 17:18:38.487589', '2026-05-28 17:18:38.487589') ON CONFLICT DO NOTHING;
INSERT INTO public.product_addons (id, product_id, addon_id, created_at, updated_at) VALUES ('a1d3c866-8342-4588-a7d8-1e821316a7a4', '69bb38f6-2001-46ee-8ec7-b52e3ab40c5b', 'ad682870-d0f9-4b8a-b931-35bdb88cf92d', '2026-05-28 17:18:38.488736', '2026-05-28 17:18:38.488736') ON CONFLICT DO NOTHING;
INSERT INTO public.product_addons (id, product_id, addon_id, created_at, updated_at) VALUES ('f8a3f421-a503-43a3-9f32-f2fd57e02076', '69bb38f6-2001-46ee-8ec7-b52e3ab40c5b', '6bdb0c59-87a6-4128-8890-ba1a4b362b68', '2026-05-28 17:18:38.489736', '2026-05-28 17:18:38.489736') ON CONFLICT DO NOTHING;
INSERT INTO public.product_addons (id, product_id, addon_id, created_at, updated_at) VALUES ('d99d6c9a-aeb6-4076-af4c-010367393efd', '69bb38f6-2001-46ee-8ec7-b52e3ab40c5b', '5f14a47b-b762-4162-bf68-6e14945877ac', '2026-05-28 17:18:38.490903', '2026-05-28 17:18:38.490903') ON CONFLICT DO NOTHING;
INSERT INTO public.product_addons (id, product_id, addon_id, created_at, updated_at) VALUES ('9e90c16c-84e6-414e-85e9-f0eae2cada2f', '69bb38f6-2001-46ee-8ec7-b52e3ab40c5b', 'a1b4b408-5218-4dcc-892a-786a6dd963ee', '2026-05-28 17:18:38.491891', '2026-05-28 17:18:38.491891') ON CONFLICT DO NOTHING;
INSERT INTO public.product_addons (id, product_id, addon_id, created_at, updated_at) VALUES ('4520f601-847a-4c7a-87f9-cb1c7a3bc75e', 'd3c6154e-c444-4606-97c9-e530aeddddf0', 'd835e5f0-1f13-4f06-a9bc-d051a457c9e4', '2026-05-28 17:18:46.590299', '2026-05-28 17:18:46.590299') ON CONFLICT DO NOTHING;
INSERT INTO public.product_addons (id, product_id, addon_id, created_at, updated_at) VALUES ('1a82ee87-74eb-4705-8c02-c4cc50dbe562', 'd3c6154e-c444-4606-97c9-e530aeddddf0', 'ad682870-d0f9-4b8a-b931-35bdb88cf92d', '2026-05-28 17:18:46.598509', '2026-05-28 17:18:46.598509') ON CONFLICT DO NOTHING;
INSERT INTO public.product_addons (id, product_id, addon_id, created_at, updated_at) VALUES ('8311c7a8-b23e-4e33-bcce-f81e6f755c78', 'd3c6154e-c444-4606-97c9-e530aeddddf0', '5f14a47b-b762-4162-bf68-6e14945877ac', '2026-05-28 17:18:46.600717', '2026-05-28 17:18:46.600717') ON CONFLICT DO NOTHING;
INSERT INTO public.product_addons (id, product_id, addon_id, created_at, updated_at) VALUES ('ec4fb7c6-93d0-49ff-a613-90355c740f10', 'd3c6154e-c444-4606-97c9-e530aeddddf0', 'fceb0587-4308-4f91-9d50-ec234b519352', '2026-05-28 17:18:46.602405', '2026-05-28 17:18:46.602405') ON CONFLICT DO NOTHING;
INSERT INTO public.product_addons (id, product_id, addon_id, created_at, updated_at) VALUES ('306ea158-ab03-46d1-b878-3ec63623bce4', 'd3c6154e-c444-4606-97c9-e530aeddddf0', 'dd34b0c5-9071-47ed-9ac2-a2916f7c8a68', '2026-05-28 17:18:46.604984', '2026-05-28 17:18:46.604984') ON CONFLICT DO NOTHING;
INSERT INTO public.product_addons (id, product_id, addon_id, created_at, updated_at) VALUES ('6e63c794-8730-4233-8096-312cf8431e66', 'd3c6154e-c444-4606-97c9-e530aeddddf0', '6bdb0c59-87a6-4128-8890-ba1a4b362b68', '2026-05-28 17:18:46.606353', '2026-05-28 17:18:46.606353') ON CONFLICT DO NOTHING;
INSERT INTO public.product_addons (id, product_id, addon_id, created_at, updated_at) VALUES ('4622d0ed-5506-48ec-8651-8604c36ba692', 'd3c6154e-c444-4606-97c9-e530aeddddf0', 'a1b4b408-5218-4dcc-892a-786a6dd963ee', '2026-05-28 17:18:46.607382', '2026-05-28 17:18:46.607382') ON CONFLICT DO NOTHING;
INSERT INTO public.product_addons (id, product_id, addon_id, created_at, updated_at) VALUES ('92e126ed-0a1c-4388-83ba-5f95badf4548', '4cd491e7-0749-4d26-a349-207f3c50bc37', 'fceb0587-4308-4f91-9d50-ec234b519352', '2026-05-28 17:19:57.978045', '2026-05-28 17:19:57.978045') ON CONFLICT DO NOTHING;
INSERT INTO public.product_addons (id, product_id, addon_id, created_at, updated_at) VALUES ('69f1f9ea-f5df-4d9e-9f63-0a68b8e081bb', '4cd491e7-0749-4d26-a349-207f3c50bc37', 'd835e5f0-1f13-4f06-a9bc-d051a457c9e4', '2026-05-28 17:19:57.982055', '2026-05-28 17:19:57.982055') ON CONFLICT DO NOTHING;
INSERT INTO public.product_addons (id, product_id, addon_id, created_at, updated_at) VALUES ('618bc7f4-3b9f-4520-9508-df1147483dd8', '4cd491e7-0749-4d26-a349-207f3c50bc37', 'dd34b0c5-9071-47ed-9ac2-a2916f7c8a68', '2026-05-28 17:19:57.984751', '2026-05-28 17:19:57.984751') ON CONFLICT DO NOTHING;
INSERT INTO public.product_addons (id, product_id, addon_id, created_at, updated_at) VALUES ('1bfcfe0d-25c4-4515-862f-b4636eac0933', '4cd491e7-0749-4d26-a349-207f3c50bc37', 'ad682870-d0f9-4b8a-b931-35bdb88cf92d', '2026-05-28 17:19:57.990213', '2026-05-28 17:19:57.990213') ON CONFLICT DO NOTHING;
INSERT INTO public.product_addons (id, product_id, addon_id, created_at, updated_at) VALUES ('24860ae4-2879-4e7e-84d2-a635679b2bc5', '4cd491e7-0749-4d26-a349-207f3c50bc37', '6bdb0c59-87a6-4128-8890-ba1a4b362b68', '2026-05-28 17:19:57.99293', '2026-05-28 17:19:57.99293') ON CONFLICT DO NOTHING;
INSERT INTO public.product_addons (id, product_id, addon_id, created_at, updated_at) VALUES ('728e70d4-8264-40fa-8c8b-16039b7c59db', '4cd491e7-0749-4d26-a349-207f3c50bc37', '5f14a47b-b762-4162-bf68-6e14945877ac', '2026-05-28 17:19:57.994378', '2026-05-28 17:19:57.994378') ON CONFLICT DO NOTHING;
INSERT INTO public.product_addons (id, product_id, addon_id, created_at, updated_at) VALUES ('f924d92d-ad95-4383-bd6c-6ff44b9fae44', '4cd491e7-0749-4d26-a349-207f3c50bc37', 'a1b4b408-5218-4dcc-892a-786a6dd963ee', '2026-05-28 17:19:57.996084', '2026-05-28 17:19:57.996084') ON CONFLICT DO NOTHING;
INSERT INTO public.product_addons (id, product_id, addon_id, created_at, updated_at) VALUES ('9a355447-946c-4ad1-9d01-905ed3c28b70', '80bdeb1a-952a-4f01-9df3-253b76f29850', 'fceb0587-4308-4f91-9d50-ec234b519352', '2026-05-28 17:21:00.928301', '2026-05-28 17:21:00.928301') ON CONFLICT DO NOTHING;
INSERT INTO public.product_addons (id, product_id, addon_id, created_at, updated_at) VALUES ('336e7497-2f48-4911-8345-5e0e23f57d64', '80bdeb1a-952a-4f01-9df3-253b76f29850', 'd835e5f0-1f13-4f06-a9bc-d051a457c9e4', '2026-05-28 17:21:00.932689', '2026-05-28 17:21:00.932689') ON CONFLICT DO NOTHING;
INSERT INTO public.product_addons (id, product_id, addon_id, created_at, updated_at) VALUES ('9e5eefa7-b949-4f9d-8c62-5cdb3d933429', '80bdeb1a-952a-4f01-9df3-253b76f29850', 'dd34b0c5-9071-47ed-9ac2-a2916f7c8a68', '2026-05-28 17:21:00.934779', '2026-05-28 17:21:00.934779') ON CONFLICT DO NOTHING;
INSERT INTO public.product_addons (id, product_id, addon_id, created_at, updated_at) VALUES ('3e8df51b-2f52-4acb-b77c-795499f9aca0', '80bdeb1a-952a-4f01-9df3-253b76f29850', 'ad682870-d0f9-4b8a-b931-35bdb88cf92d', '2026-05-28 17:21:00.936848', '2026-05-28 17:21:00.936848') ON CONFLICT DO NOTHING;
INSERT INTO public.product_addons (id, product_id, addon_id, created_at, updated_at) VALUES ('3a4a5d89-4b5b-4c6a-bb84-1ee416767726', '80bdeb1a-952a-4f01-9df3-253b76f29850', '6bdb0c59-87a6-4128-8890-ba1a4b362b68', '2026-05-28 17:21:00.938972', '2026-05-28 17:21:00.938972') ON CONFLICT DO NOTHING;
INSERT INTO public.product_addons (id, product_id, addon_id, created_at, updated_at) VALUES ('1a3f97b4-de16-4f84-a693-cc159934debe', '80bdeb1a-952a-4f01-9df3-253b76f29850', '5f14a47b-b762-4162-bf68-6e14945877ac', '2026-05-28 17:21:00.941876', '2026-05-28 17:21:00.941876') ON CONFLICT DO NOTHING;
INSERT INTO public.product_addons (id, product_id, addon_id, created_at, updated_at) VALUES ('43d868a8-bc02-484a-8d64-e790fe3d0514', '80bdeb1a-952a-4f01-9df3-253b76f29850', 'a1b4b408-5218-4dcc-892a-786a6dd963ee', '2026-05-28 17:21:00.945929', '2026-05-28 17:21:00.945929') ON CONFLICT DO NOTHING;
INSERT INTO public.product_addons (id, product_id, addon_id, created_at, updated_at) VALUES ('53b25932-053d-44b9-827d-7472ba377013', '6c0873de-813a-472a-ad75-c7cfb91cb185', 'fceb0587-4308-4f91-9d50-ec234b519352', '2026-05-28 17:23:13.252855', '2026-05-28 17:23:13.252855') ON CONFLICT DO NOTHING;
INSERT INTO public.product_addons (id, product_id, addon_id, created_at, updated_at) VALUES ('27ba2573-31d3-4340-b6eb-de1d8f55e213', '6c0873de-813a-472a-ad75-c7cfb91cb185', 'd835e5f0-1f13-4f06-a9bc-d051a457c9e4', '2026-05-28 17:23:13.256085', '2026-05-28 17:23:13.256085') ON CONFLICT DO NOTHING;
INSERT INTO public.product_addons (id, product_id, addon_id, created_at, updated_at) VALUES ('36859439-cd97-4e82-a765-9c116f1791de', '6c0873de-813a-472a-ad75-c7cfb91cb185', 'dd34b0c5-9071-47ed-9ac2-a2916f7c8a68', '2026-05-28 17:23:13.257689', '2026-05-28 17:23:13.257689') ON CONFLICT DO NOTHING;
INSERT INTO public.product_addons (id, product_id, addon_id, created_at, updated_at) VALUES ('e6d64aa4-ffd2-4e31-b274-68c3d916c241', '6c0873de-813a-472a-ad75-c7cfb91cb185', 'ad682870-d0f9-4b8a-b931-35bdb88cf92d', '2026-05-28 17:23:13.258897', '2026-05-28 17:23:13.258897') ON CONFLICT DO NOTHING;
INSERT INTO public.product_addons (id, product_id, addon_id, created_at, updated_at) VALUES ('d1082645-350c-4e72-89b8-8cbd022e892e', '6c0873de-813a-472a-ad75-c7cfb91cb185', '6bdb0c59-87a6-4128-8890-ba1a4b362b68', '2026-05-28 17:23:13.260018', '2026-05-28 17:23:13.260018') ON CONFLICT DO NOTHING;
INSERT INTO public.product_addons (id, product_id, addon_id, created_at, updated_at) VALUES ('efaada38-7886-4a0e-bd04-832cb2292ead', '6c0873de-813a-472a-ad75-c7cfb91cb185', '5f14a47b-b762-4162-bf68-6e14945877ac', '2026-05-28 17:23:13.260936', '2026-05-28 17:23:13.260936') ON CONFLICT DO NOTHING;
INSERT INTO public.product_addons (id, product_id, addon_id, created_at, updated_at) VALUES ('ad5118e6-259c-4c7f-9f76-69bc1e71e1f8', '6c0873de-813a-472a-ad75-c7cfb91cb185', 'a1b4b408-5218-4dcc-892a-786a6dd963ee', '2026-05-28 17:23:13.262351', '2026-05-28 17:23:13.262351') ON CONFLICT DO NOTHING;
INSERT INTO public.product_addons (id, product_id, addon_id, created_at, updated_at) VALUES ('420eb579-ac4d-4ca0-a6fd-c35f58f98fbf', 'c066669b-365f-4b30-975f-cf5c884d1c7b', 'fceb0587-4308-4f91-9d50-ec234b519352', '2026-05-28 17:29:42.089384', '2026-05-28 17:29:42.089384') ON CONFLICT DO NOTHING;
INSERT INTO public.product_addons (id, product_id, addon_id, created_at, updated_at) VALUES ('b943420b-c08f-4d51-b70a-8490fdf3f865', 'c066669b-365f-4b30-975f-cf5c884d1c7b', 'd835e5f0-1f13-4f06-a9bc-d051a457c9e4', '2026-05-28 17:29:42.092162', '2026-05-28 17:29:42.092162') ON CONFLICT DO NOTHING;
INSERT INTO public.product_addons (id, product_id, addon_id, created_at, updated_at) VALUES ('d4d340c7-0ca3-49da-9907-72c004646020', 'c066669b-365f-4b30-975f-cf5c884d1c7b', 'dd34b0c5-9071-47ed-9ac2-a2916f7c8a68', '2026-05-28 17:29:42.093431', '2026-05-28 17:29:42.093431') ON CONFLICT DO NOTHING;
INSERT INTO public.product_addons (id, product_id, addon_id, created_at, updated_at) VALUES ('f7087b2c-c977-4a68-a7e0-a3c9a0bb7bd8', 'c066669b-365f-4b30-975f-cf5c884d1c7b', 'ad682870-d0f9-4b8a-b931-35bdb88cf92d', '2026-05-28 17:29:42.094406', '2026-05-28 17:29:42.094406') ON CONFLICT DO NOTHING;
INSERT INTO public.product_addons (id, product_id, addon_id, created_at, updated_at) VALUES ('491e2ac7-3dc2-474a-8966-c9628474c22d', 'c066669b-365f-4b30-975f-cf5c884d1c7b', '6bdb0c59-87a6-4128-8890-ba1a4b362b68', '2026-05-28 17:29:42.095572', '2026-05-28 17:29:42.095572') ON CONFLICT DO NOTHING;
INSERT INTO public.product_addons (id, product_id, addon_id, created_at, updated_at) VALUES ('a34b2fad-c499-4d0d-b99a-4bee42521e83', 'c066669b-365f-4b30-975f-cf5c884d1c7b', '5f14a47b-b762-4162-bf68-6e14945877ac', '2026-05-28 17:29:42.096654', '2026-05-28 17:29:42.096654') ON CONFLICT DO NOTHING;
INSERT INTO public.product_addons (id, product_id, addon_id, created_at, updated_at) VALUES ('14b95797-8058-4353-b1f2-1747049ba8d8', 'c066669b-365f-4b30-975f-cf5c884d1c7b', 'a1b4b408-5218-4dcc-892a-786a6dd963ee', '2026-05-28 17:29:42.097629', '2026-05-28 17:29:42.097629') ON CONFLICT DO NOTHING;
INSERT INTO public.product_addons (id, product_id, addon_id, created_at, updated_at) VALUES ('c045e282-359f-445b-9fe2-2308aaf698e8', 'd49f0ebc-f6d6-4304-9f32-0e22467394b5', 'fceb0587-4308-4f91-9d50-ec234b519352', '2026-05-28 17:30:49.543403', '2026-05-28 17:30:49.543403') ON CONFLICT DO NOTHING;
INSERT INTO public.product_addons (id, product_id, addon_id, created_at, updated_at) VALUES ('1f2674a5-7cf1-40f8-83ee-79860f6141ca', 'd49f0ebc-f6d6-4304-9f32-0e22467394b5', 'd835e5f0-1f13-4f06-a9bc-d051a457c9e4', '2026-05-28 17:30:49.54662', '2026-05-28 17:30:49.54662') ON CONFLICT DO NOTHING;
INSERT INTO public.product_addons (id, product_id, addon_id, created_at, updated_at) VALUES ('aa1fecde-6630-40fe-8c5e-02d84778a048', 'd49f0ebc-f6d6-4304-9f32-0e22467394b5', 'dd34b0c5-9071-47ed-9ac2-a2916f7c8a68', '2026-05-28 17:30:49.547774', '2026-05-28 17:30:49.547774') ON CONFLICT DO NOTHING;
INSERT INTO public.product_addons (id, product_id, addon_id, created_at, updated_at) VALUES ('22eaffe5-9f40-4c9d-b50f-f30bdc50f594', 'd49f0ebc-f6d6-4304-9f32-0e22467394b5', 'ad682870-d0f9-4b8a-b931-35bdb88cf92d', '2026-05-28 17:30:49.548882', '2026-05-28 17:30:49.548882') ON CONFLICT DO NOTHING;
INSERT INTO public.product_addons (id, product_id, addon_id, created_at, updated_at) VALUES ('88fd9ac1-cbac-4d40-b769-9d36f1b9076a', 'd49f0ebc-f6d6-4304-9f32-0e22467394b5', '6bdb0c59-87a6-4128-8890-ba1a4b362b68', '2026-05-28 17:30:49.549654', '2026-05-28 17:30:49.549654') ON CONFLICT DO NOTHING;
INSERT INTO public.product_addons (id, product_id, addon_id, created_at, updated_at) VALUES ('f84765fe-b2b2-43ee-89f5-93d6f800400d', 'd49f0ebc-f6d6-4304-9f32-0e22467394b5', '5f14a47b-b762-4162-bf68-6e14945877ac', '2026-05-28 17:30:49.5503', '2026-05-28 17:30:49.5503') ON CONFLICT DO NOTHING;
INSERT INTO public.product_addons (id, product_id, addon_id, created_at, updated_at) VALUES ('79581dae-7f5d-486d-9e0a-84d73118268b', 'd49f0ebc-f6d6-4304-9f32-0e22467394b5', 'a1b4b408-5218-4dcc-892a-786a6dd963ee', '2026-05-28 17:30:49.551045', '2026-05-28 17:30:49.551045') ON CONFLICT DO NOTHING;
INSERT INTO public.product_addons (id, product_id, addon_id, created_at, updated_at) VALUES ('8fef1cbe-ac5d-47f9-b6ba-472f3f20514f', 'cbcd53fa-ad6b-4232-a599-495b79defd70', 'fceb0587-4308-4f91-9d50-ec234b519352', '2026-05-28 17:31:54.324881', '2026-05-28 17:31:54.324881') ON CONFLICT DO NOTHING;
INSERT INTO public.product_addons (id, product_id, addon_id, created_at, updated_at) VALUES ('24f008d4-801c-4470-bf24-113d14e2cc85', 'cbcd53fa-ad6b-4232-a599-495b79defd70', 'd835e5f0-1f13-4f06-a9bc-d051a457c9e4', '2026-05-28 17:31:54.327454', '2026-05-28 17:31:54.327454') ON CONFLICT DO NOTHING;
INSERT INTO public.product_addons (id, product_id, addon_id, created_at, updated_at) VALUES ('e395be7a-0319-44d8-8c98-05f98e9bff0b', 'cbcd53fa-ad6b-4232-a599-495b79defd70', 'dd34b0c5-9071-47ed-9ac2-a2916f7c8a68', '2026-05-28 17:31:54.328419', '2026-05-28 17:31:54.328419') ON CONFLICT DO NOTHING;
INSERT INTO public.product_addons (id, product_id, addon_id, created_at, updated_at) VALUES ('6659213e-4cf2-4d56-b335-d52cf25214ff', 'cbcd53fa-ad6b-4232-a599-495b79defd70', 'ad682870-d0f9-4b8a-b931-35bdb88cf92d', '2026-05-28 17:31:54.329334', '2026-05-28 17:31:54.329334') ON CONFLICT DO NOTHING;
INSERT INTO public.product_addons (id, product_id, addon_id, created_at, updated_at) VALUES ('d4c82dbf-2885-4352-aef4-4c6284feb1ff', 'cbcd53fa-ad6b-4232-a599-495b79defd70', '6bdb0c59-87a6-4128-8890-ba1a4b362b68', '2026-05-28 17:31:54.330235', '2026-05-28 17:31:54.330235') ON CONFLICT DO NOTHING;
INSERT INTO public.product_addons (id, product_id, addon_id, created_at, updated_at) VALUES ('72fda0ea-6215-4078-b096-01343db97ce5', 'cbcd53fa-ad6b-4232-a599-495b79defd70', '5f14a47b-b762-4162-bf68-6e14945877ac', '2026-05-28 17:31:54.331285', '2026-05-28 17:31:54.331285') ON CONFLICT DO NOTHING;
INSERT INTO public.product_addons (id, product_id, addon_id, created_at, updated_at) VALUES ('2e2308b1-b9bc-4dec-9ccd-784aaaeceb0c', 'cbcd53fa-ad6b-4232-a599-495b79defd70', 'a1b4b408-5218-4dcc-892a-786a6dd963ee', '2026-05-28 17:31:54.332716', '2026-05-28 17:31:54.332716') ON CONFLICT DO NOTHING;
INSERT INTO public.product_addons (id, product_id, addon_id, created_at, updated_at) VALUES ('b8b6e6e6-e9ae-470f-addf-b9e7488b137f', 'af1d1bf0-65be-4f0d-85b3-0c35a40caa27', 'fceb0587-4308-4f91-9d50-ec234b519352', '2026-05-28 17:34:31.491319', '2026-05-28 17:34:31.491319') ON CONFLICT DO NOTHING;
INSERT INTO public.product_addons (id, product_id, addon_id, created_at, updated_at) VALUES ('f284b3d5-62b6-478a-95a8-745c9c189d0d', 'af1d1bf0-65be-4f0d-85b3-0c35a40caa27', 'd835e5f0-1f13-4f06-a9bc-d051a457c9e4', '2026-05-28 17:34:31.493241', '2026-05-28 17:34:31.493241') ON CONFLICT DO NOTHING;
INSERT INTO public.product_addons (id, product_id, addon_id, created_at, updated_at) VALUES ('74a520d6-8668-457b-99f9-7dc8757e3be9', 'af1d1bf0-65be-4f0d-85b3-0c35a40caa27', 'dd34b0c5-9071-47ed-9ac2-a2916f7c8a68', '2026-05-28 17:34:31.494288', '2026-05-28 17:34:31.494288') ON CONFLICT DO NOTHING;
INSERT INTO public.product_addons (id, product_id, addon_id, created_at, updated_at) VALUES ('2e688ba0-2e42-479d-aa77-ad1a0c9ff8dc', 'af1d1bf0-65be-4f0d-85b3-0c35a40caa27', 'ad682870-d0f9-4b8a-b931-35bdb88cf92d', '2026-05-28 17:34:31.494978', '2026-05-28 17:34:31.494978') ON CONFLICT DO NOTHING;
INSERT INTO public.product_addons (id, product_id, addon_id, created_at, updated_at) VALUES ('05f84b35-3d98-49fe-aadc-3cde94529731', 'af1d1bf0-65be-4f0d-85b3-0c35a40caa27', '6bdb0c59-87a6-4128-8890-ba1a4b362b68', '2026-05-28 17:34:31.495661', '2026-05-28 17:34:31.495661') ON CONFLICT DO NOTHING;
INSERT INTO public.product_addons (id, product_id, addon_id, created_at, updated_at) VALUES ('dd1eb61f-00dd-4fa4-a00b-a2676c902c8a', 'af1d1bf0-65be-4f0d-85b3-0c35a40caa27', '5f14a47b-b762-4162-bf68-6e14945877ac', '2026-05-28 17:34:31.496349', '2026-05-28 17:34:31.496349') ON CONFLICT DO NOTHING;
INSERT INTO public.product_addons (id, product_id, addon_id, created_at, updated_at) VALUES ('60bb5f58-69d8-4fd0-a053-315accdab3d3', 'cee9335e-a61a-4512-878d-a81caf80f49a', 'fceb0587-4308-4f91-9d50-ec234b519352', '2026-05-28 17:35:21.42082', '2026-05-28 17:35:21.42082') ON CONFLICT DO NOTHING;
INSERT INTO public.product_addons (id, product_id, addon_id, created_at, updated_at) VALUES ('b381df5e-c950-4056-95ab-5c2efac2cb03', 'cee9335e-a61a-4512-878d-a81caf80f49a', 'd835e5f0-1f13-4f06-a9bc-d051a457c9e4', '2026-05-28 17:35:21.425046', '2026-05-28 17:35:21.425046') ON CONFLICT DO NOTHING;
INSERT INTO public.product_addons (id, product_id, addon_id, created_at, updated_at) VALUES ('1c9bdf48-373b-4176-88b6-d7b56b7ab0dd', 'cee9335e-a61a-4512-878d-a81caf80f49a', 'dd34b0c5-9071-47ed-9ac2-a2916f7c8a68', '2026-05-28 17:35:21.426365', '2026-05-28 17:35:21.426365') ON CONFLICT DO NOTHING;
INSERT INTO public.product_addons (id, product_id, addon_id, created_at, updated_at) VALUES ('fd3d3208-9c59-4e60-a7ae-8d0888934c6b', 'cee9335e-a61a-4512-878d-a81caf80f49a', 'ad682870-d0f9-4b8a-b931-35bdb88cf92d', '2026-05-28 17:35:21.427527', '2026-05-28 17:35:21.427527') ON CONFLICT DO NOTHING;
INSERT INTO public.product_addons (id, product_id, addon_id, created_at, updated_at) VALUES ('0dfcfa51-f82b-4317-8fa2-761bd0aacda0', 'cee9335e-a61a-4512-878d-a81caf80f49a', '6bdb0c59-87a6-4128-8890-ba1a4b362b68', '2026-05-28 17:35:21.429199', '2026-05-28 17:35:21.429199') ON CONFLICT DO NOTHING;
INSERT INTO public.product_addons (id, product_id, addon_id, created_at, updated_at) VALUES ('d69b349b-a9ab-4314-bd14-3aa129dc4e5c', 'cee9335e-a61a-4512-878d-a81caf80f49a', '5f14a47b-b762-4162-bf68-6e14945877ac', '2026-05-28 17:35:21.43108', '2026-05-28 17:35:21.43108') ON CONFLICT DO NOTHING;
INSERT INTO public.product_addons (id, product_id, addon_id, created_at, updated_at) VALUES ('c8a4d51b-40e1-468e-b222-4c01f64730a4', 'fecb3d6d-18fd-4fee-8e12-5dd58f184121', 'fceb0587-4308-4f91-9d50-ec234b519352', '2026-05-28 17:35:59.678553', '2026-05-28 17:35:59.678553') ON CONFLICT DO NOTHING;
INSERT INTO public.product_addons (id, product_id, addon_id, created_at, updated_at) VALUES ('67bd02b4-d865-4dbb-b579-ee09bc215a2b', 'fecb3d6d-18fd-4fee-8e12-5dd58f184121', 'd835e5f0-1f13-4f06-a9bc-d051a457c9e4', '2026-05-28 17:35:59.680511', '2026-05-28 17:35:59.680511') ON CONFLICT DO NOTHING;
INSERT INTO public.product_addons (id, product_id, addon_id, created_at, updated_at) VALUES ('130e039d-a9e5-4c20-9e4b-0efb3b6ff501', 'fecb3d6d-18fd-4fee-8e12-5dd58f184121', 'dd34b0c5-9071-47ed-9ac2-a2916f7c8a68', '2026-05-28 17:35:59.681327', '2026-05-28 17:35:59.681327') ON CONFLICT DO NOTHING;
INSERT INTO public.product_addons (id, product_id, addon_id, created_at, updated_at) VALUES ('97417ea8-6159-4f47-8dc4-a7f91181d30f', 'fecb3d6d-18fd-4fee-8e12-5dd58f184121', 'ad682870-d0f9-4b8a-b931-35bdb88cf92d', '2026-05-28 17:35:59.682194', '2026-05-28 17:35:59.682194') ON CONFLICT DO NOTHING;
INSERT INTO public.product_addons (id, product_id, addon_id, created_at, updated_at) VALUES ('59410f50-01fc-47dc-807b-dda28179fb6b', 'fecb3d6d-18fd-4fee-8e12-5dd58f184121', '6bdb0c59-87a6-4128-8890-ba1a4b362b68', '2026-05-28 17:35:59.682877', '2026-05-28 17:35:59.682877') ON CONFLICT DO NOTHING;
INSERT INTO public.product_addons (id, product_id, addon_id, created_at, updated_at) VALUES ('0bf4940a-b354-467d-a692-1a36aa244324', 'fecb3d6d-18fd-4fee-8e12-5dd58f184121', '5f14a47b-b762-4162-bf68-6e14945877ac', '2026-05-28 17:35:59.683506', '2026-05-28 17:35:59.683506') ON CONFLICT DO NOTHING;
INSERT INTO public.product_addons (id, product_id, addon_id, created_at, updated_at) VALUES ('a39ae3ed-131d-42b4-b502-51d732b07b6a', 'b3ad2cba-0b23-44df-8feb-9bf855271af1', 'fceb0587-4308-4f91-9d50-ec234b519352', '2026-05-28 17:43:26.90254', '2026-05-28 17:43:26.90254') ON CONFLICT DO NOTHING;
INSERT INTO public.product_addons (id, product_id, addon_id, created_at, updated_at) VALUES ('2852e6e6-9015-49e7-a0b1-f68c5735425b', 'b3ad2cba-0b23-44df-8feb-9bf855271af1', 'd835e5f0-1f13-4f06-a9bc-d051a457c9e4', '2026-05-28 17:43:26.906751', '2026-05-28 17:43:26.906751') ON CONFLICT DO NOTHING;
INSERT INTO public.product_addons (id, product_id, addon_id, created_at, updated_at) VALUES ('2ef17c57-1d12-4f8a-b3c4-986ef4a24cb7', 'b3ad2cba-0b23-44df-8feb-9bf855271af1', 'dd34b0c5-9071-47ed-9ac2-a2916f7c8a68', '2026-05-28 17:43:26.907926', '2026-05-28 17:43:26.907926') ON CONFLICT DO NOTHING;
INSERT INTO public.product_addons (id, product_id, addon_id, created_at, updated_at) VALUES ('34a15283-eff4-43b3-b7fb-c5812b00a99c', 'b3ad2cba-0b23-44df-8feb-9bf855271af1', 'ad682870-d0f9-4b8a-b931-35bdb88cf92d', '2026-05-28 17:43:26.909043', '2026-05-28 17:43:26.909043') ON CONFLICT DO NOTHING;
INSERT INTO public.product_addons (id, product_id, addon_id, created_at, updated_at) VALUES ('2e9fcb3b-9171-4f0f-a527-195a5e88fbed', 'b3ad2cba-0b23-44df-8feb-9bf855271af1', '6bdb0c59-87a6-4128-8890-ba1a4b362b68', '2026-05-28 17:43:26.909711', '2026-05-28 17:43:26.909711') ON CONFLICT DO NOTHING;
INSERT INTO public.product_addons (id, product_id, addon_id, created_at, updated_at) VALUES ('e013972e-6c20-42ec-8390-ce33f1f0ba4e', 'b3ad2cba-0b23-44df-8feb-9bf855271af1', '5f14a47b-b762-4162-bf68-6e14945877ac', '2026-05-28 17:43:26.911442', '2026-05-28 17:43:26.911442') ON CONFLICT DO NOTHING;
INSERT INTO public.product_addons (id, product_id, addon_id, created_at, updated_at) VALUES ('6b105009-1af9-46cc-b16c-161d6c88edd5', 'e2d16cad-f616-47bd-9ac0-9de5c4e9059c', 'fceb0587-4308-4f91-9d50-ec234b519352', '2026-05-28 17:44:10.723248', '2026-05-28 17:44:10.723248') ON CONFLICT DO NOTHING;
INSERT INTO public.product_addons (id, product_id, addon_id, created_at, updated_at) VALUES ('16fea43d-8a74-4f4a-a78c-a6728d6a87e7', 'e2d16cad-f616-47bd-9ac0-9de5c4e9059c', 'dd34b0c5-9071-47ed-9ac2-a2916f7c8a68', '2026-05-28 17:44:10.726239', '2026-05-28 17:44:10.726239') ON CONFLICT DO NOTHING;
INSERT INTO public.product_addons (id, product_id, addon_id, created_at, updated_at) VALUES ('ef88cf51-d170-4b81-ab77-979c12d6d7c5', 'e2d16cad-f616-47bd-9ac0-9de5c4e9059c', 'd835e5f0-1f13-4f06-a9bc-d051a457c9e4', '2026-05-28 17:44:10.727334', '2026-05-28 17:44:10.727334') ON CONFLICT DO NOTHING;
INSERT INTO public.product_addons (id, product_id, addon_id, created_at, updated_at) VALUES ('9ab603c6-0230-4e02-aecd-ad571ce81ca0', 'e2d16cad-f616-47bd-9ac0-9de5c4e9059c', 'ad682870-d0f9-4b8a-b931-35bdb88cf92d', '2026-05-28 17:44:10.728611', '2026-05-28 17:44:10.728611') ON CONFLICT DO NOTHING;
INSERT INTO public.product_addons (id, product_id, addon_id, created_at, updated_at) VALUES ('ed0189b5-c0f8-4db5-952f-069442ef6b51', 'e2d16cad-f616-47bd-9ac0-9de5c4e9059c', '6bdb0c59-87a6-4128-8890-ba1a4b362b68', '2026-05-28 17:44:10.729838', '2026-05-28 17:44:10.729838') ON CONFLICT DO NOTHING;
INSERT INTO public.product_addons (id, product_id, addon_id, created_at, updated_at) VALUES ('ac896c77-e011-4b40-9a4d-c58332093d5e', 'e2d16cad-f616-47bd-9ac0-9de5c4e9059c', '5f14a47b-b762-4162-bf68-6e14945877ac', '2026-05-28 17:44:10.73108', '2026-05-28 17:44:10.73108') ON CONFLICT DO NOTHING;
INSERT INTO public.product_addons (id, product_id, addon_id, created_at, updated_at) VALUES ('01f60c38-f94c-466a-9dea-b20e133ef469', '9043809a-13a3-4898-9946-59b8c338ec3e', 'fceb0587-4308-4f91-9d50-ec234b519352', '2026-05-28 17:45:02.788914', '2026-05-28 17:45:02.788914') ON CONFLICT DO NOTHING;
INSERT INTO public.product_addons (id, product_id, addon_id, created_at, updated_at) VALUES ('d5822c14-e403-47c8-b104-cdf425b3b1cd', '9043809a-13a3-4898-9946-59b8c338ec3e', 'd835e5f0-1f13-4f06-a9bc-d051a457c9e4', '2026-05-28 17:45:02.792778', '2026-05-28 17:45:02.792778') ON CONFLICT DO NOTHING;
INSERT INTO public.product_addons (id, product_id, addon_id, created_at, updated_at) VALUES ('3e6ea6ab-4fe9-4d54-b006-8fe159b294c8', '9043809a-13a3-4898-9946-59b8c338ec3e', 'dd34b0c5-9071-47ed-9ac2-a2916f7c8a68', '2026-05-28 17:45:02.795666', '2026-05-28 17:45:02.795666') ON CONFLICT DO NOTHING;
INSERT INTO public.product_addons (id, product_id, addon_id, created_at, updated_at) VALUES ('f1f2f257-c178-4566-94a7-53e74b3bf8cd', '9043809a-13a3-4898-9946-59b8c338ec3e', 'ad682870-d0f9-4b8a-b931-35bdb88cf92d', '2026-05-28 17:45:02.79809', '2026-05-28 17:45:02.79809') ON CONFLICT DO NOTHING;
INSERT INTO public.product_addons (id, product_id, addon_id, created_at, updated_at) VALUES ('c0ccca04-eb14-433e-8ecf-5b9bc26735c5', '9043809a-13a3-4898-9946-59b8c338ec3e', '6bdb0c59-87a6-4128-8890-ba1a4b362b68', '2026-05-28 17:45:02.800589', '2026-05-28 17:45:02.800589') ON CONFLICT DO NOTHING;
INSERT INTO public.product_addons (id, product_id, addon_id, created_at, updated_at) VALUES ('049c68a7-0fbc-4024-bf06-bcebf7bfb1ba', '9043809a-13a3-4898-9946-59b8c338ec3e', '5f14a47b-b762-4162-bf68-6e14945877ac', '2026-05-28 17:45:02.803486', '2026-05-28 17:45:02.803486') ON CONFLICT DO NOTHING;
INSERT INTO public.product_addons (id, product_id, addon_id, created_at, updated_at) VALUES ('ad06e215-a498-45ed-9c6f-110e8f8886ba', 'c4c9d1eb-695a-4a5c-8fff-3d570755798e', 'ad682870-d0f9-4b8a-b931-35bdb88cf92d', '2026-06-03 17:47:59.277808', '2026-06-03 17:47:59.277808') ON CONFLICT DO NOTHING;
INSERT INTO public.product_addons (id, product_id, addon_id, created_at, updated_at) VALUES ('0dff19bf-322b-409b-b545-95afd37c7cb5', 'c4c9d1eb-695a-4a5c-8fff-3d570755798e', '5f14a47b-b762-4162-bf68-6e14945877ac', '2026-06-03 17:47:59.280619', '2026-06-03 17:47:59.280619') ON CONFLICT DO NOTHING;
INSERT INTO public.product_addons (id, product_id, addon_id, created_at, updated_at) VALUES ('3867deef-b554-47ec-8103-8daf9410beec', 'c4c9d1eb-695a-4a5c-8fff-3d570755798e', 'd835e5f0-1f13-4f06-a9bc-d051a457c9e4', '2026-06-03 17:47:59.285267', '2026-06-03 17:47:59.285267') ON CONFLICT DO NOTHING;
INSERT INTO public.product_addons (id, product_id, addon_id, created_at, updated_at) VALUES ('41c90942-050f-4aff-a62a-bf7ba8e29c8e', 'c4c9d1eb-695a-4a5c-8fff-3d570755798e', 'dd34b0c5-9071-47ed-9ac2-a2916f7c8a68', '2026-06-03 17:47:59.294258', '2026-06-03 17:47:59.294258') ON CONFLICT DO NOTHING;
INSERT INTO public.product_addons (id, product_id, addon_id, created_at, updated_at) VALUES ('67173cf6-e28b-43a4-abdc-584a777385f8', 'c4c9d1eb-695a-4a5c-8fff-3d570755798e', '6bdb0c59-87a6-4128-8890-ba1a4b362b68', '2026-06-03 17:47:59.302339', '2026-06-03 17:47:59.302339') ON CONFLICT DO NOTHING;
INSERT INTO public.product_addons (id, product_id, addon_id, created_at, updated_at) VALUES ('82ebea01-23f2-4839-aa08-0194a5db9fb1', 'c4c9d1eb-695a-4a5c-8fff-3d570755798e', 'fceb0587-4308-4f91-9d50-ec234b519352', '2026-06-03 17:47:59.307239', '2026-06-03 17:47:59.307239') ON CONFLICT DO NOTHING;
INSERT INTO public.product_addons (id, product_id, addon_id, created_at, updated_at) VALUES ('1c84727c-4ec0-45fd-a590-980c507c8754', 'a58d9a64-9e33-43dd-a0c2-a82f0161ca27', 'ad682870-d0f9-4b8a-b931-35bdb88cf92d', '2026-06-04 13:23:44.006412', '2026-06-04 13:23:44.006412') ON CONFLICT DO NOTHING;
INSERT INTO public.product_addons (id, product_id, addon_id, created_at, updated_at) VALUES ('8ec92e25-a883-45c6-8cf8-6581e49ef6e3', 'a58d9a64-9e33-43dd-a0c2-a82f0161ca27', '5f14a47b-b762-4162-bf68-6e14945877ac', '2026-06-04 13:23:44.007883', '2026-06-04 13:23:44.007883') ON CONFLICT DO NOTHING;
INSERT INTO public.product_addons (id, product_id, addon_id, created_at, updated_at) VALUES ('617fee13-2986-40cb-a254-2f21b22ed95a', 'a58d9a64-9e33-43dd-a0c2-a82f0161ca27', 'd835e5f0-1f13-4f06-a9bc-d051a457c9e4', '2026-06-04 13:23:44.009756', '2026-06-04 13:23:44.009756') ON CONFLICT DO NOTHING;
INSERT INTO public.product_addons (id, product_id, addon_id, created_at, updated_at) VALUES ('9bb3b72b-9fd5-44c1-b34b-a409d18faefd', 'a58d9a64-9e33-43dd-a0c2-a82f0161ca27', 'dd34b0c5-9071-47ed-9ac2-a2916f7c8a68', '2026-06-04 13:23:44.018953', '2026-06-04 13:23:44.018953') ON CONFLICT DO NOTHING;
INSERT INTO public.product_addons (id, product_id, addon_id, created_at, updated_at) VALUES ('fd06e321-bf7e-467d-b08e-8107de18fbcd', 'a58d9a64-9e33-43dd-a0c2-a82f0161ca27', '6bdb0c59-87a6-4128-8890-ba1a4b362b68', '2026-06-04 13:23:44.029807', '2026-06-04 13:23:44.029807') ON CONFLICT DO NOTHING;
INSERT INTO public.product_addons (id, product_id, addon_id, created_at, updated_at) VALUES ('e3977c44-82da-451c-aaf3-b8267d196f08', 'a58d9a64-9e33-43dd-a0c2-a82f0161ca27', 'fceb0587-4308-4f91-9d50-ec234b519352', '2026-06-04 13:23:44.035946', '2026-06-04 13:23:44.035946') ON CONFLICT DO NOTHING;

-- promos
